{"cameraMode":{"drawMode":0,"name":"Shaded","section":"Shading Mode"},"sceneLighting":true,"audioPlay":false,"sceneViewState":{"m_AlwaysRefresh":false,"showFog":true,"showSkybox":true,"showFlares":true,"showImageEffects":true,"showParticleSystems":true,"showVisualEffectGraphs":true,"m_FxEnabled":true},"in2DMode":false,"pivot":{"x":186.87242126464845,"y":389.27496337890627,"z":115.03472137451172},"rotation":{"x":0.1567714661359787,"y":0.24605520069599152,"z":-0.04036349430680275,"w":0.9556512832641602},"size":405.1856689453125,"orthographic":false}